Date,Icon,Name,Time,Category
"2025-10-09 06:16:20","Thing2","Thing3","00:00:10","Thing1"
"2025-10-09 06:19:26","😊","Hellow","00:00:10","Thing1"
"2025-10-09 06:21:00","🍉","watamelon","00:00:08","fruits"
"2025-10-10 06:33:00","🧑‍🍳","Go","00:00:00","Thing"
"2025-10-10 06:33:35","🧑‍🍳","Go","00:00:00","Thing"
"2025-10-10 06:34:17","🧑‍🍳","Go","00:00:00","Thing"
"2025-10-10 06:34:33","🧑‍🍳","Go","00:00:00","Thing"
"2025-10-10 06:35:21","🧑‍🍳","Go","00:00:00","Thing"
"2025-10-10 06:38:39","🧑‍🍳","Go","00:00:00","Thing"
"2025-10-10 07:46:22","🧑‍🍳","Go","00:00:00","Thing"
"2025-10-10 09:45:20","🧑‍🍳","Go","00:00:00","Thing"
